train/ears_train_1.jpeg,165,217,186,277,ear
train/ears_train_2.jpeg,311,64,329,99,ear
train/ears_train_3.jpeg,230,81,243,112,ear
train/ears_train_4.jpeg,291,127,316,175,ear
train/ears_train_5.jpeg,89,112,150,163,ear
train/ears_train_6.jpeg,280,77,310,124,ear
train/ears_train_7.jpeg,154,137,186,204,ear
train/ears_train_8.jpeg,296,114,325,190,ear
train/ears_train_9.jpeg,167,116,193,180,ear
train/ears_train_10.jpeg,420,153,453,202,ear
train/ears_train_10.jpeg,47,118,123,208,ear
train/ears_train_11.jpeg,119,121,135,176,ear
train/ears_train_11.jpeg,276,104,308,168,ear
train/ears_train_12.jpeg,130,109,164,157,ear
train/ears_train_12.jpeg,302,93,322,143,ear
train/ears_train_13.jpeg,96,126,134,203,ear
train/ears_train_13.jpeg,276,104,297,181,ear
train/ears_train_14.jpeg,119,114,162,171,ear
train/ears_train_14.jpeg,327,83,370,147,ear
train/ears_train_15.jpeg,318,144,346,228,ear
train/ears_train_15.jpeg,172,110,197,200,ear
train/ears_train_16.jpeg,308,118,337,175,ear
train/ears_train_16.jpeg,197,99,211,156,ear
train/ears_train_17.jpeg,142,149,164,194,ear
train/ears_train_17.jpeg,314,123,355,181,ear
train/ears_train_18.jpeg,302,88,351,127,ear
train/ears_train_19.jpeg,310,107,361,146,ear
train/ears_train_20.jpeg,139,127,163,192,ear
train/ears_train_21.jpeg,93,111,139,163,ear
train/ears_train_22.jpeg,117,77,169,117,ear
train/ears_train_23.jpeg,325,155,375,238,ear
train/ears_train_24.jpeg,140,141,193,233,ear
train/ears_train_25.jpeg,342,146,359,206,ear
train/ears_train_25.jpeg,190,133,217,214,ear
train/ears_train_26.jpeg,390,133,413,194,ear
train/ears_train_27.jpeg,128,3,176,87,ear
train/ears_train_28.jpeg,293,61,311,90,ear
train/ears_train_29.jpeg,295,104,314,142,ear
train/ears_train_30.jpeg,297,101,317,149,ear
train/ears_train_31.jpeg,323,128,382,174,ear
train/ears_train_32.jpeg,316,140,338,209,ear
train/ears_train_32.jpeg,142,133,170,209,ear
train/ears_train_33.jpeg,201,80,239,112,ear
train/ears_train_34.jpeg,287,82,301,123,ear
train/ears_train_35.jpeg,177,142,204,194,ear
train/ears_train_36.jpeg,164,95,191,158,ear
train/ears_train_37.jpeg,362,81,377,105,ear
train/ears_train_37.jpeg,149,55,184,81,ear
train/ears_train_38.jpeg,321,121,372,211,ear
train/ears_train_39.jpeg,321,68,358,166,ear
train/ears_train_40.jpeg,293,115,366,167,ear
train/ears_train_41.jpeg,109,129,141,179,ear
train/ears_train_41.jpeg,339,119,354,173,ear
train/ears_train_42.jpeg,374,120,399,183,ear
train/ears_train_43.jpeg,284,160,357,238,ear
train/ears_train_44.jpeg,324,126,372,211,ear
train/ears_train_45.jpeg,396,145,442,190,ear
train/ears_train_46.jpeg,47,101,120,167,ear
train/ears_train_47.jpeg,59,90,82,127,ear
train/ears_train_48.jpeg,116,142,141,193,ear
train/ears_train_48.jpeg,339,141,381,193,ear
train/ears_train_49.jpeg,380,118,450,185,ear
train/ears_train_50.jpeg,69,122,141,170,ear
train/ears_train_51.jpeg,170,138,194,189,ear
train/ears_train_52.jpeg,356,136,389,194,ear
train/ears_train_53.jpeg,301,176,334,222,ear
train/ears_train_54.jpeg,396,122,427,175,ear
train/ears_train_55.jpeg,97,151,134,196,ear
train/ears_train_56.jpeg,360,137,413,213,ear
train/ears_train_57.jpeg,68,118,118,213,ear
train/ears_train_58.jpeg,271,134,323,180,ear
train/ears_train_59.jpeg,261,120,286,170,ear
train/ears_train_60.jpeg,175,77,194,122,ear
train/ears_train_61.jpeg,98,111,124,183,ear
train/ears_train_62.jpeg,254,152,280,232,ear
train/ears_train_63.jpeg,364,118,424,186,ear
train/ears_train_64.jpeg,170,72,190,99,ear
train/ears_train_64.jpeg,247,61,280,105,ear
train/ears_train_65.jpeg,313,162,342,243,ear
train/ears_train_66.jpeg,353,101,377,164,ear
train/ears_train_67.jpeg,241,128,263,192,ear
train/ears_train_68.jpeg,335,176,360,234,ear
train/ears_train_69.jpeg,75,149,118,207,ear
train/ears_train_70.jpeg,321,64,388,207,ear
train/ears_train_71.jpeg,30,146,144,274,ear
train/ears_train_72.jpeg,62,74,98,135,ear
train/ears_train_73.jpeg,134,118,166,170,ear
train/ears_train_73.jpeg,307,110,331,165,ear
train/ears_train_74.jpeg,91,98,127,166,ear
train/ears_train_75.jpeg,324,139,365,219,ear
train/ears_train_76.jpeg,80,99,124,201,ear
train/ears_train_76.jpeg,339,67,358,175,ear
train/ears_train_77.jpeg,335,103,356,159,ear
train/ears_train_78.jpeg,134,133,173,215,ear
train/ears_train_79.jpeg,55,138,88,188,ear
train/ears_train_80.jpeg,112,91,154,123,ear
train/ears_train_81.jpeg,372,131,405,189,ear
train/ears_train_82.jpeg,309,160,344,209,ear
train/ears_train_83.jpeg,137,166,187,238,ear
train/ears_train_84.jpeg,268,87,317,123,ear
train/ears_train_85.jpeg,273,124,296,161,ear
train/ears_train_86.jpeg,85,45,163,187,ear
train/ears_train_87.jpeg,345,152,378,209,ear
train/ears_train_88.jpeg,336,75,376,206,ear
train/ears_train_89.jpeg,352,109,398,185,ear
train/ears_train_90.jpeg,318,100,369,150,ear
train/ears_train_91.jpeg,298,148,338,208,ear
train/ears_train_92.jpeg,333,119,383,189,ear
train/ears_train_93.jpeg,130,143,175,218,ear
train/ears_train_94.jpeg,258,93,267,117,ear
train/ears_train_95.jpeg,162,52,181,91,ear
train/ears_train_96.jpeg,330,184,348,247,ear
train/ears_train_97.jpeg,79,87,110,143,ear
train/ears_train_98.jpeg,307,104,337,158,ear
train/ears_train_99.jpeg,267,213,297,257,ear
train/ears_train_100.jpeg,293,122,341,199,ear
train/ears_train_101.jpeg,340,99,393,201,ear
train/ears_train_102.jpeg,72,119,127,174,ear
train/ears_train_103.jpeg,125,120,142,166,ear
train/ears_train_104.jpeg,134,126,172,194,ear
train/ears_train_105.jpeg,333,105,349,147,ear
train/ears_train_106.jpeg,274,97,303,134,ear
train/ears_train_107.jpeg,318,87,358,168,ear
train/ears_train_108.jpeg,352,121,391,208,ear
train/ears_train_109.jpeg,91,172,139,222,ear
train/ears_train_110.jpeg,128,128,152,187,ear
train/ears_train_111.jpeg,301,118,330,179,ear
train/ears_train_112.jpeg,355,155,377,196,ear
train/ears_train_113.jpeg,88,110,122,172,ear
train/ears_train_114.jpeg,38,116,63,161,ear
train/ears_train_115.jpeg,284,121,303,181,ear
train/ears_train_116.jpeg,232,104,288,205,ear
train/ears_train_117.jpeg,330,161,378,248,ear
train/ears_train_118.jpeg,180,147,224,231,ear
train/ears_train_119.jpeg,310,103,344,151,ear
train/ears_train_120.jpeg,196,88,226,178,ear
train/ears_train_121.jpeg,235,82,268,145,ear
train/ears_train_122.jpeg,377,96,413,138,ear
train/ears_train_123.jpeg,253,105,282,181,ear
train/ears_train_124.jpeg,147,101,163,125,ear
train/ears_train_125.jpeg,305,101,319,135,ear
train/ears_train_126.jpeg,308,169,332,236,ear
train/ears_train_127.jpeg,31,130,60,181,ear
train/ears_train_128.jpeg,76,170,126,271,ear
train/ears_train_129.jpeg,97,145,128,218,ear
train/ears_train_130.jpeg,303,121,323,181,ear
train/ears_train_131.jpeg,380,164,409,245,ear
train/ears_train_132.jpeg,107,112,141,168,ear
train/ears_train_132.jpeg,383,85,440,144,ear
train/ears_train_133.jpeg,133,173,172,233,ear
train/ears_train_134.jpeg,275,133,292,175,ear
train/ears_train_135.jpeg,167,127,193,166,ear
train/ears_train_136.jpeg,354,119,372,157,ear
train/ears_train_136.jpeg,112,114,144,166,ear
train/ears_train_137.jpeg,149,161,188,234,ear
train/ears_train_138.jpeg,282,152,302,197,ear
train/ears_train_139.jpeg,50,150,106,260,ear
train/ears_train_139.jpeg,331,88,362,206,ear
train/ears_train_140.jpeg,197,75,214,108,ear
train/ears_train_141.jpeg,132,125,162,190,ear
train/ears_train_142.jpeg,314,63,344,90,ear
train/ears_train_143.jpeg,110,64,127,90,ear
train/ears_train_144.jpeg,389,131,413,194,ear
train/ears_train_145.jpeg,155,108,173,168,ear
train/ears_train_146.jpeg,305,35,339,121,ear
train/ears_train_147.jpeg,365,69,376,88,ear
train/ears_train_148.jpeg,396,74,432,160,ear
train/ears_train_149.jpeg,147,114,174,160,ear
train/ears_train_150.jpeg,135,111,170,172,ear
train/ears_train_151.jpeg,141,100,170,143,ear
train/ears_train_151.jpeg,309,87,320,131,ear
train/ears_train_152.jpeg,150,93,168,149,ear
train/ears_train_153.jpeg,300,86,337,135,ear
train/ears_train_154.jpeg,335,65,375,104,ear
train/ears_train_155.jpeg,76,107,123,153,ear
train/ears_train_156.jpeg,186,170,212,227,ear
train/ears_train_157.jpeg,205,82,213,113,ear
train/ears_train_157.jpeg,272,65,285,99,ear
train/ears_train_158.jpeg,302,57,325,91,ear
train/ears_train_159.jpeg,128,88,161,146,ear
train/ears_train_160.jpeg,168,52,191,75,ear
train/ears_train_161.jpeg,328,119,371,188,ear
train/ears_train_162.jpeg,122,84,141,132,ear
train/ears_train_163.jpeg,225,111,253,179,ear
train/ears_train_164.jpeg,318,85,334,116,ear
train/ears_train_164.jpeg,240,69,247,103,ear
train/ears_train_165.jpeg,115,163,140,235,ear
train/ears_train_165.jpeg,293,134,325,211,ear
train/ears_train_166.jpeg,114,118,149,180,ear
train/ears_train_167.jpeg,162,137,190,197,ear
train/ears_train_168.jpeg,216,115,236,176,ear
train/ears_train_168.jpeg,375,113,389,175,ear
train/ears_train_169.jpeg,333,101,383,158,ear
train/ears_train_170.jpeg,85,142,126,219,ear
train/ears_train_171.jpeg,398,99,442,162,ear
train/ears_train_172.jpeg,28,140,75,218,ear
train/ears_train_173.jpeg,360,108,417,179,ear
train/ears_train_174.jpeg,357,109,402,174,ear
train/ears_train_175.jpeg,84,114,130,170,ear
train/ears_train_176.jpeg,129,128,169,198,ear
train/ears_train_177.jpeg,382,108,410,172,ear
train/ears_train_178.jpeg,400,137,432,201,ear
train/ears_train_179.jpeg,94,84,143,195,ear
train/ears_train_180.jpeg,304,140,330,196,ear
train/ears_train_181.jpeg,325,123,359,170,ear
train/ears_train_182.jpeg,224,170,259,218,ear
train/ears_train_183.jpeg,138,102,168,135,ear
train/ears_train_184.jpeg,303,119,327,167,ear
train/ears_train_185.jpeg,325,188,374,270,ear
train/ears_train_186.jpeg,383,108,448,156,ear
train/ears_train_187.jpeg,160,89,195,136,ear
train/ears_train_188.jpeg,317,128,357,199,ear
train/ears_train_189.jpeg,155,162,185,231,ear
train/ears_train_189.jpeg,309,152,334,227,ear
train/ears_train_190.jpeg,175,66,199,129,ear
train/ears_train_191.jpeg,169,70,199,96,ear
train/ears_train_192.jpeg,291,160,312,182,ear
train/ears_train_193.jpeg,257,104,284,165,ear
train/ears_train_194.jpeg,307,93,357,152,ear
train/ears_train_195.jpeg,147,107,181,145,ear
train/ears_train_196.jpeg,248,122,272,156,ear
train/ears_train_197.jpeg,90,155,145,215,ear
train/ears_train_198.jpeg,23,115,83,214,ear
train/ears_train_199.jpeg,286,98,312,142,ear
train/ears_train_200.jpeg,78,112,128,155,ear
train/ears_train_201.jpeg,163,121,197,169,ear
train/ears_train_202.jpeg,235,124,245,202,ear
train/ears_train_202.jpeg,84,119,103,198,ear
train/ears_train_203.jpeg,353,116,377,177,ear
train/ears_train_204.jpeg,311,91,329,137,ear
train/ears_train_205.jpeg,217,99,233,143,ear
train/ears_train_206.jpeg,36,139,101,267,ear
train/ears_train_207.jpeg,267,87,281,133,ear
train/ears_train_208.jpeg,355,121,396,162,ear
train/ears_train_209.jpeg,87,86,107,144,ear
train/ears_train_210.jpeg,120,90,177,139,ear
train/ears_train_211.jpeg,276,104,313,156,ear
train/ears_train_212.jpeg,349,104,377,185,ear
train/ears_train_213.jpeg,374,110,426,184,ear
train/ears_train_214.jpeg,91,116,137,200,ear
train/ears_train_215.jpeg,165,111,183,154,ear
train/ears_train_215.jpeg,338,105,367,149,ear
train/ears_train_216.jpeg,355,132,387,196,ear
train/ears_train_217.jpeg,284,103,304,149,ear
train/ears_train_217.jpeg,71,96,100,143,ear
train/ears_train_218.jpeg,278,90,299,131,ear
train/ears_train_219.jpeg,339,131,360,202,ear
train/ears_train_220.jpeg,105,159,140,220,ear
train/ears_train_221.jpeg,336,133,365,201,ear
train/ears_train_221.jpeg,126,119,153,189,ear
train/ears_train_222.jpeg,335,146,362,199,ear
train/ears_train_223.jpeg,149,109,169,160,ear
train/ears_train_224.jpeg,154,121,182,203,ear
train/ears_train_225.jpeg,315,108,349,151,ear
train/ears_train_226.jpeg,77,87,114,136,ear
train/ears_train_227.jpeg,51,78,106,139,ear
train/ears_train_228.jpeg,146,49,170,78,ear
train/ears_train_229.jpeg,169,120,184,179,ear
train/ears_train_229.jpeg,275,114,288,175,ear
train/ears_train_230.jpeg,291,136,316,204,ear
train/ears_train_231.jpeg,357,108,401,191,ear
train/ears_train_232.jpeg,119,105,140,149,ear
train/ears_train_233.jpeg,411,115,468,183,ear
train/ears_train_234.jpeg,405,118,471,263,ear
train/ears_train_235.jpeg,133,94,169,138,ear
train/ears_train_236.jpeg,333,86,369,154,ear
train/ears_train_237.jpeg,360,109,395,176,ear
train/ears_train_238.jpeg,47,136,120,206,ear
train/ears_train_239.jpeg,104,139,139,226,ear
train/ears_train_240.jpeg,139,80,152,103,ear
train/ears_train_241.jpeg,429,129,478,215,ear
train/ears_train_242.jpeg,287,97,313,137,ear
train/ears_train_243.jpeg,66,184,94,257,ear
train/ears_train_243.jpeg,270,153,301,230,ear
train/ears_train_244.jpeg,168,96,198,134,ear
train/ears_train_245.jpeg,317,89,353,127,ear
train/ears_train_246.jpeg,53,115,100,168,ear
train/ears_train_247.jpeg,0,22,71,150,ear
train/ears_train_248.jpeg,282,135,301,155,ear
train/ears_train_249.jpeg,296,85,316,123,ear
train/ears_train_250.jpeg,126,130,149,178,ear
train/ears_train_250.jpeg,244,106,259,158,ear
train/ears_train_251.jpeg,181,90,203,146,ear
train/ears_train_252.jpeg,349,90,386,201,ear
train/ears_train_253.jpeg,357,41,437,221,ear
train/ears_train_254.jpeg,24,97,104,280,ear
train/ears_train_255.jpeg,142,111,165,187,ear
train/ears_train_256.jpeg,198,128,228,189,ear
train/ears_train_257.jpeg,318,153,341,176,ear
train/ears_train_258.jpeg,384,140,430,231,ear
train/ears_train_259.jpeg,394,118,427,173,ear
train/ears_train_260.jpeg,83,137,152,189,ear
train/ears_train_261.jpeg,417,135,438,171,ear
train/ears_train_262.jpeg,398,135,434,201,ear
train/ears_train_263.jpeg,176,94,199,141,ear
train/ears_train_264.jpeg,50,155,113,248,ear
train/ears_train_265.jpeg,340,96,358,129,ear
train/ears_train_266.jpeg,81,136,111,207,ear
train/ears_train_267.jpeg,140,140,169,192,ear
train/ears_train_268.jpeg,260,108,282,154,ear
train/ears_train_269.jpeg,376,139,417,195,ear
train/ears_train_270.jpeg,380,125,414,210,ear
train/ears_train_271.jpeg,170,104,202,152,ear
train/ears_train_272.jpeg,176,94,204,146,ear
train/ears_train_273.jpeg,91,149,136,194,ear
train/ears_train_274.jpeg,262,143,286,200,ear
train/ears_train_275.jpeg,158,204,189,268,ear
train/ears_train_275.jpeg,328,162,348,231,ear
train/ears_train_276.jpeg,264,88,286,147,ear
train/ears_train_277.jpeg,134,198,161,255,ear
train/ears_train_278.jpeg,221,102,240,156,ear
train/ears_train_279.jpeg,320,63,337,113,ear
train/ears_train_280.jpeg,83,157,116,226,ear
train/ears_train_281.jpeg,413,95,436,122,ear
train/ears_train_282.jpeg,186,97,205,139,ear
train/ears_train_283.jpeg,392,124,421,214,ear
train/ears_train_284.jpeg,49,137,73,223,ear
train/ears_train_285.jpeg,144,91,168,132,ear
train/ears_train_286.jpeg,355,110,410,173,ear
train/ears_train_287.jpeg,272,128,303,204,ear
train/ears_train_288.jpeg,300,43,317,77,ear
train/ears_train_289.jpeg,129,110,164,168,ear
train/ears_train_290.jpeg,264,137,296,175,ear
train/ears_train_290.jpeg,127,67,148,117,ear
train/ears_train_291.jpeg,363,68,381,107,ear
train/ears_train_292.jpeg,300,135,321,189,ear
train/ears_train_293.jpeg,58,127,95,201,ear
train/ears_train_293.jpeg,381,126,399,203,ear
train/ears_train_294.jpeg,42,99,121,224,ear
train/ears_train_295.jpeg,313,141,357,217,ear
train/ears_train_296.jpeg,363,141,418,213,ear
train/ears_train_297.jpeg,323,180,348,221,ear
train/ears_train_298.jpeg,175,82,199,130,ear
train/ears_train_299.jpeg,305,181,363,248,ear
train/ears_train_300.jpeg,390,130,451,197,ear
train/ears_train_301.jpeg,162,114,190,164,ear
train/ears_train_302.jpeg,16,127,47,178,ear
train/ears_train_302.jpeg,150,113,166,165,ear
train/ears_train_303.jpeg,236,174,258,215,ear
train/ears_train_304.jpeg,38,118,126,179,ear
train/ears_train_305.jpeg,185,108,225,157,ear
train/ears_train_306.jpeg,264,110,298,164,ear
train/ears_train_307.jpeg,123,107,162,163,ear
train/ears_train_308.jpeg,221,98,243,139,ear
train/ears_train_309.jpeg,280,60,303,103,ear
train/ears_train_310.jpeg,144,57,161,83,ear
train/ears_train_311.jpeg,277,86,286,127,ear
train/ears_train_311.jpeg,179,83,189,123,ear
train/ears_train_312.jpeg,240,105,264,162,ear
train/ears_train_313.jpeg,411,97,444,161,ear
train/ears_train_314.jpeg,259,95,292,160,ear
train/ears_train_315.jpeg,132,107,170,173,ear
train/ears_train_316.jpeg,430,200,455,233,ear
train/ears_train_317.jpeg,233,114,253,161,ear
train/ears_train_318.jpeg,279,118,293,139,ear
train/ears_train_319.jpeg,104,148,122,209,ear
train/ears_train_319.jpeg,259,140,276,207,ear
train/ears_train_320.jpeg,320,149,350,192,ear
train/ears_train_321.jpeg,269,142,304,211,ear
train/ears_train_322.jpeg,235,109,260,172,ear
train/ears_train_323.jpeg,263,100,284,133,ear
train/ears_train_324.jpeg,337,106,357,137,ear
train/ears_train_324.jpeg,169,101,192,139,ear
train/ears_train_325.jpeg,359,120,381,162,ear
train/ears_train_325.jpeg,80,117,134,175,ear
train/ears_train_326.jpeg,55,122,122,177,ear
train/ears_train_327.jpeg,359,119,403,166,ear
train/ears_train_328.jpeg,349,116,395,180,ear
train/ears_train_329.jpeg,163,119,186,208,ear
train/ears_train_329.jpeg,342,104,373,196,ear
train/ears_train_330.jpeg,100,123,130,181,ear
train/ears_train_330.jpeg,366,120,406,178,ear
train/ears_train_331.jpeg,336,129,381,195,ear
train/ears_train_332.jpeg,394,94,431,200,ear
train/ears_train_333.jpeg,262,107,287,145,ear
train/ears_train_334.jpeg,315,108,330,158,ear
train/ears_train_334.jpeg,111,96,140,154,ear
train/ears_train_335.jpeg,279,113,302,178,ear
train/ears_train_336.jpeg,141,98,184,138,ear
train/ears_train_337.jpeg,363,102,392,152,ear
train/ears_train_338.jpeg,436,143,473,222,ear
train/ears_train_339.jpeg,227,125,253,181,ear
train/ears_train_340.jpeg,58,151,99,232,ear
train/ears_train_341.jpeg,314,115,341,195,ear
train/ears_train_342.jpeg,213,99,231,144,ear
train/ears_train_343.jpeg,168,119,181,190,ear
train/ears_train_343.jpeg,318,111,349,185,ear
train/ears_train_344.jpeg,133,95,168,141,ear
train/ears_train_345.jpeg,69,147,119,278,ear
train/ears_train_346.jpeg,333,110,359,177,ear
train/ears_train_346.jpeg,121,110,152,176,ear
train/ears_train_347.jpeg,281,104,315,177,ear
train/ears_train_348.jpeg,132,110,149,161,ear
train/ears_train_348.jpeg,327,104,362,158,ear
train/ears_train_349.jpeg,109,155,171,217,ear
train/ears_train_350.jpeg,272,91,301,145,ear
train/ears_train_351.jpeg,342,113,378,182,ear
train/ears_train_352.jpeg,272,81,303,112,ear
train/ears_train_353.jpeg,308,78,329,108,ear
train/ears_train_354.jpeg,53,89,112,128,ear
train/ears_train_355.jpeg,312,110,347,171,ear
train/ears_train_356.jpeg,101,104,171,155,ear
train/ears_train_357.jpeg,146,161,165,207,ear
train/ears_train_357.jpeg,300,136,319,193,ear
train/ears_train_358.jpeg,289,75,334,153,ear
train/ears_train_359.jpeg,303,121,334,157,ear
train/ears_train_360.jpeg,174,121,193,173,ear
train/ears_train_361.jpeg,53,131,103,196,ear
train/ears_train_362.jpeg,298,148,337,229,ear
train/ears_train_363.jpeg,112,123,140,178,ear
train/ears_train_364.jpeg,231,136,239,174,ear
train/ears_train_364.jpeg,99,134,120,175,ear
train/ears_train_365.jpeg,358,121,386,187,ear
train/ears_train_366.jpeg,178,120,199,165,ear
train/ears_train_367.jpeg,98,111,129,160,ear
train/ears_train_368.jpeg,352,148,410,256,ear
train/ears_train_369.jpeg,98,128,142,193,ear
train/ears_train_370.jpeg,334,117,374,174,ear
train/ears_train_371.jpeg,154,89,187,132,ear
train/ears_train_372.jpeg,374,80,398,137,ear
train/ears_train_373.jpeg,429,119,449,173,ear
train/ears_train_374.jpeg,296,101,317,151,ear
train/ears_train_375.jpeg,116,120,144,191,ear
train/ears_train_376.jpeg,287,124,320,194,ear
train/ears_train_377.jpeg,188,105,214,157,ear
train/ears_train_378.jpeg,269,92,291,159,ear
train/ears_train_379.jpeg,347,133,377,206,ear
train/ears_train_380.jpeg,141,79,167,112,ear
train/ears_train_381.jpeg,82,155,124,228,ear
train/ears_train_382.jpeg,349,127,424,187,ear
train/ears_train_383.jpeg,163,123,190,189,ear
train/ears_train_384.jpeg,419,115,449,160,ear
train/ears_train_385.jpeg,416,52,456,161,ear
train/ears_train_386.jpeg,46,136,83,203,ear
train/ears_train_387.jpeg,411,131,453,179,ear
train/ears_train_388.jpeg,216,99,227,125,ear
train/ears_train_389.jpeg,174,109,208,163,ear
train/ears_train_390.jpeg,122,111,145,195,ear
train/ears_train_391.jpeg,43,143,85,217,ear
train/ears_train_392.jpeg,365,108,417,152,ear
train/ears_train_393.jpeg,319,103,356,153,ear
train/ears_train_394.jpeg,140,92,170,129,ear
train/ears_train_395.jpeg,19,155,62,239,ear
train/ears_train_396.jpeg,267,129,302,228,ear
train/ears_train_397.jpeg,367,144,426,224,ear
train/ears_train_398.jpeg,337,123,390,186,ear
train/ears_train_399.jpeg,281,97,310,179,ear
train/ears_train_400.jpeg,302,157,344,232,ear
train/ears_train_401.jpeg,135,107,156,208,ear
train/ears_train_401.jpeg,325,98,354,208,ear
train/ears_train_402.jpeg,163,118,192,175,ear
train/ears_train_403.jpeg,347,88,386,152,ear
train/ears_train_404.jpeg,48,166,88,247,ear
train/ears_train_405.jpeg,343,86,396,143,ear
train/ears_train_406.jpeg,366,98,415,211,ear
train/ears_train_407.jpeg,20,82,58,188,ear
train/ears_train_408.jpeg,79,125,111,190,ear
train/ears_train_408.jpeg,295,14,314,47,ear
train/ears_train_409.jpeg,298,123,367,182,ear
train/ears_train_410.jpeg,117,92,152,183,ear
train/ears_train_411.jpeg,370,137,407,204,ear
train/ears_train_412.jpeg,409,95,455,148,ear
train/ears_train_413.jpeg,265,74,304,109,ear
train/ears_train_414.jpeg,90,106,145,152,ear
train/ears_train_415.jpeg,152,61,176,115,ear
train/ears_train_416.jpeg,245,69,289,111,ear
train/ears_train_417.jpeg,453,127,480,168,ear
train/ears_train_418.jpeg,27,136,66,225,ear
train/ears_train_419.jpeg,332,145,358,225,ear
train/ears_train_420.jpeg,311,140,343,226,ear
train/ears_train_421.jpeg,299,96,336,129,ear
train/ears_train_422.jpeg,301,175,332,255,ear
train/ears_train_423.jpeg,209,85,230,116,ear
train/ears_train_424.jpeg,110,63,150,185,ear
train/ears_train_425.jpeg,296,134,320,204,ear
train/ears_train_426.jpeg,226,114,242,172,ear
train/ears_train_427.jpeg,67,107,114,166,ear
train/ears_train_428.jpeg,97,144,133,237,ear
train/ears_train_429.jpeg,422,103,468,142,ear
train/ears_train_430.jpeg,222,136,258,200,ear
train/ears_train_431.jpeg,317,170,341,195,ear
train/ears_train_432.jpeg,171,104,187,146,ear
train/ears_train_433.jpeg,257,109,279,171,ear
train/ears_train_434.jpeg,299,93,318,142,ear
train/ears_train_435.jpeg,62,119,139,184,ear
train/ears_train_436.jpeg,288,92,349,146,ear
train/ears_train_437.jpeg,92,150,146,237,ear
train/ears_train_438.jpeg,365,107,420,194,ear
train/ears_train_439.jpeg,369,114,436,186,ear
train/ears_train_440.jpeg,71,130,99,188,ear
train/ears_train_440.jpeg,199,74,226,137,ear
train/ears_train_441.jpeg,398,140,454,207,ear
train/ears_train_442.jpeg,277,99,306,150,ear
train/ears_train_443.jpeg,364,130,403,185,ear
train/ears_train_443.jpeg,94,110,138,169,ear
train/ears_train_444.jpeg,318,106,360,205,ear
train/ears_train_445.jpeg,282,117,309,176,ear
train/ears_train_446.jpeg,109,88,157,126,ear
train/ears_train_447.jpeg,310,150,341,217,ear
train/ears_train_448.jpeg,50,129,85,189,ear
train/ears_train_449.jpeg,77,90,110,141,ear
train/ears_train_450.jpeg,305,130,357,202,ear
train/ears_train_451.jpeg,255,45,275,98,ear
train/ears_train_452.jpeg,293,61,318,96,ear
train/ears_train_453.jpeg,137,92,166,142,ear
train/ears_train_454.jpeg,115,74,144,120,ear
train/ears_train_455.jpeg,119,122,148,173,ear
train/ears_train_456.jpeg,293,80,339,119,ear
train/ears_train_457.jpeg,166,108,188,173,ear
train/ears_train_458.jpeg,385,150,426,202,ear
train/ears_train_459.jpeg,237,133,260,209,ear
train/ears_train_460.jpeg,359,157,396,239,ear
train/ears_train_461.jpeg,351,116,379,172,ear
train/ears_train_462.jpeg,325,98,370,152,ear
train/ears_train_463.jpeg,59,118,125,165,ear
train/ears_train_464.jpeg,369,121,402,203,ear
train/ears_train_465.jpeg,94,111,120,177,ear
train/ears_train_466.jpeg,174,147,200,218,ear
train/ears_train_467.jpeg,376,32,417,137,ear
train/ears_train_468.jpeg,321,124,363,215,ear
train/ears_train_469.jpeg,318,82,345,118,ear
train/ears_train_470.jpeg,104,107,164,166,ear
train/ears_train_471.jpeg,292,128,318,202,ear
train/ears_train_471.jpeg,168,121,181,194,ear
train/ears_train_472.jpeg,95,100,119,160,ear
train/ears_train_473.jpeg,331,130,353,176,ear
train/ears_train_473.jpeg,88,130,132,180,ear
train/ears_train_474.jpeg,69,137,117,231,ear
train/ears_train_475.jpeg,98,85,129,138,ear
train/ears_train_476.jpeg,84,153,131,259,ear
train/ears_train_477.jpeg,320,108,351,163,ear
train/ears_train_478.jpeg,383,133,419,211,ear
train/ears_train_479.jpeg,314,160,338,230,ear
train/ears_train_480.jpeg,269,136,295,198,ear
train/ears_train_481.jpeg,335,121,368,198,ear
train/ears_train_482.jpeg,137,123,174,185,ear
train/ears_train_483.jpeg,73,145,102,237,ear
train/ears_train_484.jpeg,352,132,380,173,ear
train/ears_train_485.jpeg,120,142,138,224,ear
train/ears_train_485.jpeg,293,121,324,209,ear
train/ears_train_486.jpeg,336,110,380,158,ear
train/ears_train_487.jpeg,125,121,157,175,ear
train/ears_train_488.jpeg,258,119,311,164,ear
train/ears_train_489.jpeg,322,107,356,176,ear
train/ears_train_490.jpeg,108,126,134,176,ear
train/ears_train_491.jpeg,341,159,376,223,ear
train/ears_train_492.jpeg,81,130,132,226,ear
train/ears_train_493.jpeg,220,137,237,234,ear
train/ears_train_493.jpeg,74,129,104,227,ear
train/ears_train_494.jpeg,164,125,190,191,ear
train/ears_train_494.jpeg,297,101,318,173,ear
train/ears_train_495.jpeg,103,108,151,169,ear
train/ears_train_496.jpeg,365,68,415,199,ear
train/ears_train_497.jpeg,328,142,363,240,ear
train/ears_train_498.jpeg,306,71,332,124,ear
train/ears_train_499.jpeg,242,122,256,156,ear
train/ears_train_500.jpeg,119,137,142,194,ear
train/ears_train_501.jpeg,275,117,302,189,ear
train/ears_train_502.jpeg,350,104,364,137,ear
train/ears_train_502.jpeg,116,65,128,101,ear
train/ears_train_503.jpeg,407,122,444,213,ear
train/ears_train_504.jpeg,348,112,386,199,ear
train/ears_train_505.jpeg,114,84,148,134,ear
train/ears_train_506.jpeg,315,152,358,226,ear
train/ears_train_507.jpeg,210,74,229,157,ear
train/ears_train_508.jpeg,273,152,338,206,ear
train/ears_train_509.jpeg,296,119,321,187,ear
train/ears_train_510.jpeg,88,119,134,183,ear
train/ears_train_511.jpeg,296,82,314,131,ear
train/ears_train_512.jpeg,78,100,127,169,ear
train/ears_train_513.jpeg,221,129,247,188,ear
train/ears_train_514.jpeg,355,120,408,185,ear
train/ears_train_515.jpeg,335,0,399,140,ear
train/ears_train_516.jpeg,128,120,159,172,ear
train/ears_train_517.jpeg,160,83,180,121,ear
train/ears_train_518.jpeg,341,157,375,225,ear
train/ears_train_519.jpeg,309,102,340,174,ear
train/ears_train_520.jpeg,327,103,369,168,ear
train/ears_train_521.jpeg,301,77,325,113,ear
train/ears_train_522.jpeg,387,108,417,158,ear
train/ears_train_523.jpeg,43,159,68,206,ear
train/ears_train_524.jpeg,258,83,264,112,ear
train/ears_train_524.jpeg,135,68,151,125,ear
train/ears_train_525.jpeg,374,118,413,186,ear
train/ears_train_526.jpeg,49,81,106,180,ear
train/ears_train_527.jpeg,351,55,399,145,ear
train/ears_train_528.jpeg,293,54,306,79,ear
train/ears_train_529.jpeg,285,14,327,112,ear
train/ears_train_530.jpeg,132,98,178,138,ear
train/ears_train_531.jpeg,293,153,343,213,ear
train/ears_train_532.jpeg,134,115,158,185,ear
train/ears_train_533.jpeg,69,99,119,150,ear
train/ears_train_534.jpeg,51,160,138,229,ear
train/ears_train_535.jpeg,137,157,178,218,ear
train/ears_train_536.jpeg,313,93,336,125,ear
train/ears_train_536.jpeg,178,86,196,119,ear
train/ears_train_537.jpeg,60,179,129,267,ear
train/ears_train_538.jpeg,328,111,375,155,ear
train/ears_train_538.jpeg,99,102,118,146,ear
train/ears_train_539.jpeg,303,171,354,252,ear
train/ears_train_540.jpeg,215,118,241,187,ear
train/ears_train_540.jpeg,54,87,68,134,ear
train/ears_train_541.jpeg,336,123,392,172,ear
train/ears_train_542.jpeg,359,68,403,179,ear
train/ears_train_543.jpeg,421,101,471,209,ear
train/ears_train_544.jpeg,132,5,191,128,ear
train/ears_train_545.jpeg,97,101,117,131,ear
train/ears_train_546.jpeg,102,151,125,202,ear
train/ears_train_547.jpeg,293,89,320,123,ear
train/ears_train_547.jpeg,18,0,46,27,ear
train/ears_train_548.jpeg,78,87,119,132,ear
train/ears_train_549.jpeg,112,120,149,168,ear
train/ears_train_550.jpeg,111,84,138,145,ear
train/ears_train_551.jpeg,167,55,200,93,ear
train/ears_train_552.jpeg,60,155,85,214,ear
train/ears_train_552.jpeg,313,138,361,200,ear
train/ears_train_553.jpeg,328,100,370,157,ear
train/ears_train_553.jpeg,126,96,142,153,ear
train/ears_train_554.jpeg,330,103,384,157,ear
train/ears_train_555.jpeg,142,115,168,184,ear
train/ears_train_556.jpeg,339,109,366,185,ear
train/ears_train_557.jpeg,114,85,134,143,ear
train/ears_train_557.jpeg,233,83,244,141,ear
train/ears_train_558.jpeg,357,125,383,179,ear
train/ears_train_559.jpeg,133,108,166,167,ear
train/ears_train_560.jpeg,392,121,407,139,ear
train/ears_train_560.jpeg,187,91,204,117,ear
train/ears_train_561.jpeg,29,172,57,232,ear
train/ears_train_562.jpeg,298,99,350,165,ear
train/ears_train_563.jpeg,295,144,331,169,ear
train/ears_train_564.jpeg,343,76,366,131,ear
train/ears_train_564.jpeg,158,44,179,97,ear
train/ears_train_565.jpeg,82,96,111,174,ear
train/ears_train_566.jpeg,353,56,371,88,ear
train/ears_train_567.jpeg,153,109,175,175,ear
train/ears_train_568.jpeg,51,111,119,194,ear
train/ears_train_569.jpeg,66,98,104,170,ear
train/ears_train_570.jpeg,122,128,164,241,ear
train/ears_train_571.jpeg,313,96,375,161,ear
train/ears_train_572.jpeg,365,120,431,184,ear
train/ears_train_573.jpeg,49,117,120,184,ear
train/ears_train_574.jpeg,301,123,362,185,ear
train/ears_train_575.jpeg,278,128,312,182,ear
train/ears_train_576.jpeg,368,149,414,238,ear
train/ears_train_577.jpeg,180,80,209,118,ear
train/ears_train_578.jpeg,102,117,145,186,ear
train/ears_train_579.jpeg,85,118,140,185,ear
train/ears_train_580.jpeg,275,132,290,188,ear
train/ears_train_580.jpeg,418,130,441,188,ear
train/ears_train_581.jpeg,359,112,413,189,ear
train/ears_train_582.jpeg,60,98,117,147,ear
train/ears_train_583.jpeg,15,131,70,212,ear
train/ears_train_584.jpeg,235,110,264,178,ear
train/ears_train_585.jpeg,351,162,406,282,ear
train/ears_train_586.jpeg,315,129,369,229,ear
train/ears_train_587.jpeg,250,67,278,92,ear
train/ears_train_588.jpeg,332,165,388,244,ear
train/ears_train_589.jpeg,105,76,118,96,ear
train/ears_train_589.jpeg,346,69,359,88,ear
train/ears_train_590.jpeg,284,95,340,142,ear
train/ears_train_591.jpeg,174,133,205,183,ear
train/ears_train_592.jpeg,139,67,177,112,ear
train/ears_train_593.jpeg,288,105,312,142,ear
train/ears_train_594.jpeg,346,135,377,199,ear
train/ears_train_595.jpeg,355,139,412,207,ear
train/ears_train_596.jpeg,148,132,185,194,ear
train/ears_train_597.jpeg,41,174,127,258,ear
train/ears_train_598.jpeg,172,143,218,208,ear
train/ears_train_599.jpeg,278,94,309,130,ear
train/ears_train_600.jpeg,52,130,95,212,ear
train/ears_train_601.jpeg,272,139,305,183,ear
train/ears_train_602.jpeg,308,89,330,167,ear
train/ears_train_603.jpeg,360,124,384,197,ear
train/ears_train_603.jpeg,57,124,107,199,ear
train/ears_train_604.jpeg,402,161,446,253,ear
train/ears_train_605.jpeg,108,104,147,173,ear
train/ears_train_605.jpeg,315,91,331,161,ear
train/ears_train_606.jpeg,353,152,416,245,ear
train/ears_train_606.jpeg,47,135,64,221,ear
train/ears_train_607.jpeg,141,82,154,125,ear
train/ears_train_608.jpeg,42,203,95,291,ear
train/ears_train_609.jpeg,384,129,442,209,ear
train/ears_train_610.jpeg,334,56,378,169,ear
train/ears_train_611.jpeg,316,105,350,159,ear
train/ears_train_612.jpeg,361,128,378,184,ear
train/ears_train_613.jpeg,113,159,163,264,ear
train/ears_train_613.jpeg,422,138,439,242,ear
train/ears_train_614.jpeg,342,125,387,189,ear
train/ears_train_615.jpeg,76,137,112,190,ear
train/ears_train_616.jpeg,340,121,371,178,ear
train/ears_train_617.jpeg,321,107,346,174,ear
train/ears_train_618.jpeg,156,92,204,156,ear
train/ears_train_619.jpeg,133,111,168,155,ear
train/ears_train_620.jpeg,314,74,333,108,ear
train/ears_train_621.jpeg,23,78,57,176,ear
train/ears_train_622.jpeg,119,77,139,110,ear
train/ears_train_623.jpeg,328,117,354,166,ear
train/ears_train_623.jpeg,201,96,221,148,ear
train/ears_train_624.jpeg,267,87,299,133,ear
train/ears_train_625.jpeg,170,137,234,190,ear
train/ears_train_626.jpeg,338,139,399,209,ear
train/ears_train_627.jpeg,348,137,392,188,ear
train/ears_train_627.jpeg,173,106,192,162,ear
train/ears_train_628.jpeg,186,103,229,142,ear
train/ears_train_629.jpeg,248,125,318,196,ear
train/ears_train_630.jpeg,218,131,286,188,ear
train/ears_train_631.jpeg,263,147,357,190,ear
train/ears_train_632.jpeg,165,105,191,137,ear
train/ears_train_633.jpeg,129,154,170,220,ear
train/ears_train_634.jpeg,216,136,257,212,ear
train/ears_train_635.jpeg,327,128,361,200,ear
train/ears_train_636.jpeg,267,76,304,112,ear
train/ears_train_637.jpeg,323,85,350,114,ear
train/ears_train_637.jpeg,172,75,192,104,ear
train/ears_train_638.jpeg,270,142,298,161,ear
train/ears_train_638.jpeg,279,36,302,52,ear
train/ears_train_639.jpeg,134,65,152,101,ear
train/ears_train_640.jpeg,304,115,325,177,ear
train/ears_train_641.jpeg,85,80,99,105,ear
train/ears_train_641.jpeg,415,66,430,88,ear
train/ears_train_642.jpeg,395,85,436,198,ear
train/ears_train_643.jpeg,59,125,135,185,ear
train/ears_train_644.jpeg,352,98,402,184,ear
train/ears_train_645.jpeg,138,53,165,87,ear
train/ears_train_646.jpeg,355,104,405,179,ear
train/ears_train_647.jpeg,192,89,210,143,ear
train/ears_train_648.jpeg,274,75,290,109,ear
train/ears_train_649.jpeg,150,71,180,106,ear
train/ears_train_650.jpeg,87,96,105,153,ear
train/ears_train_651.jpeg,121,164,168,266,ear
train/ears_train_652.jpeg,419,132,448,210,ear
train/ears_train_653.jpeg,400,94,426,162,ear
train/ears_train_654.jpeg,31,145,69,232,ear
train/ears_train_655.jpeg,198,195,218,246,ear
train/ears_train_656.jpeg,87,166,127,236,ear
train/ears_train_657.jpeg,384,110,410,187,ear
train/ears_train_658.jpeg,116,191,161,262,ear
train/ears_train_659.jpeg,338,95,405,229,ear
train/ears_train_660.jpeg,288,94,304,130,ear
train/ears_train_661.jpeg,49,190,129,252,ear
train/ears_train_662.jpeg,307,119,338,208,ear
train/ears_train_663.jpeg,128,145,170,187,ear
train/ears_train_664.jpeg,255,175,281,230,ear
train/ears_train_665.jpeg,332,131,354,198,ear
train/ears_train_666.jpeg,145,129,175,197,ear
train/ears_train_667.jpeg,13,56,76,192,ear
train/ears_train_668.jpeg,204,162,227,220,ear
train/ears_train_668.jpeg,348,128,378,194,ear
train/ears_train_669.jpeg,312,159,348,274,ear
train/ears_train_669.jpeg,115,112,149,234,ear
train/ears_train_670.jpeg,369,147,408,229,ear
train/ears_train_671.jpeg,33,146,103,222,ear
train/ears_train_672.jpeg,427,102,468,174,ear
train/ears_train_673.jpeg,92,116,120,165,ear
train/ears_train_674.jpeg,331,121,373,174,ear
train/ears_train_675.jpeg,113,162,152,211,ear
train/ears_train_675.jpeg,352,128,397,187,ear
train/ears_train_676.jpeg,369,158,407,227,ear
train/ears_train_677.jpeg,361,127,415,202,ear
train/ears_train_678.jpeg,37,124,106,219,ear
train/ears_train_679.jpeg,182,139,210,221,ear
train/ears_train_680.jpeg,139,121,168,205,ear
train/ears_train_680.jpeg,310,114,332,198,ear
train/ears_train_681.jpeg,369,130,430,198,ear
train/ears_train_681.jpeg,77,119,120,189,ear
train/ears_train_682.jpeg,366,134,399,213,ear
train/ears_train_682.jpeg,87,127,137,211,ear
train/ears_train_683.jpeg,83,159,122,225,ear
train/ears_train_683.jpeg,351,144,402,213,ear
train/ears_train_684.jpeg,335,161,396,215,ear
train/ears_train_684.jpeg,81,125,106,180,ear
train/ears_train_685.jpeg,340,137,406,215,ear
train/ears_train_686.jpeg,122,120,157,177,ear
train/ears_train_687.jpeg,132,91,168,137,ear
train/ears_train_688.jpeg,61,142,126,206,ear
train/ears_train_689.jpeg,333,125,373,185,ear
train/ears_train_690.jpeg,325,63,343,90,ear
train/ears_train_690.jpeg,201,52,215,78,ear
train/ears_train_691.jpeg,114,152,140,227,ear
train/ears_train_691.jpeg,293,132,314,212,ear
train/ears_train_692.jpeg,372,129,421,190,ear
train/ears_train_693.jpeg,312,110,338,160,ear
train/ears_train_694.jpeg,311,96,349,138,ear
train/ears_train_695.jpeg,277,128,301,187,ear
train/ears_train_696.jpeg,370,126,419,189,ear
train/ears_train_697.jpeg,96,99,124,178,ear
train/ears_train_698.jpeg,90,126,115,190,ear
train/ears_train_699.jpeg,118,51,145,189,ear
train/ears_train_699.jpeg,349,34,375,179,ear
train/ears_train_700.jpeg,84,103,108,177,ear
train/ears_train_701.jpeg,177,68,196,102,ear
train/ears_train_701.jpeg,336,65,349,100,ear
train/ears_train_702.jpeg,286,192,311,212,ear
train/ears_train_702.jpeg,46,57,82,99,ear
train/ears_train_703.jpeg,299,118,333,182,ear
train/ears_train_704.jpeg,262,112,291,165,ear
train/ears_train_705.jpeg,338,74,376,157,ear
train/ears_train_706.jpeg,17,154,84,239,ear
train/ears_train_707.jpeg,337,86,434,165,ear
train/ears_train_708.jpeg,259,102,286,165,ear
train/ears_train_709.jpeg,73,156,101,211,ear
train/ears_train_709.jpeg,195,136,201,189,ear
train/ears_train_710.jpeg,277,136,319,226,ear
train/ears_train_711.jpeg,301,135,341,212,ear
train/ears_train_712.jpeg,306,128,320,175,ear
train/ears_train_712.jpeg,207,120,225,169,ear
train/ears_train_713.jpeg,170,96,189,131,ear
train/ears_train_714.jpeg,359,110,402,176,ear
train/ears_train_714.jpeg,111,110,134,174,ear
train/ears_train_715.jpeg,157,132,183,191,ear
train/ears_train_716.jpeg,79,117,119,184,ear
train/ears_train_717.jpeg,313,112,362,176,ear
train/ears_train_718.jpeg,114,99,161,145,ear
train/ears_train_718.jpeg,347,95,363,140,ear
train/ears_train_719.jpeg,44,117,109,177,ear
train/ears_train_720.jpeg,328,123,364,198,ear
train/ears_train_720.jpeg,167,100,183,177,ear
train/ears_train_721.jpeg,74,117,125,191,ear
train/ears_train_722.jpeg,354,110,416,192,ear
train/ears_train_723.jpeg,147,116,176,199,ear
train/ears_train_724.jpeg,148,94,198,150,ear
train/ears_train_725.jpeg,126,112,180,159,ear
train/ears_train_726.jpeg,276,75,298,121,ear
train/ears_train_727.jpeg,156,99,189,167,ear
train/ears_train_728.jpeg,388,52,465,204,ear
train/ears_train_729.jpeg,317,150,375,245,ear
train/ears_train_730.jpeg,403,118,419,174,ear
train/ears_train_730.jpeg,276,117,293,173,ear
train/ears_train_731.jpeg,108,155,168,268,ear
train/ears_train_732.jpeg,212,131,247,193,ear
train/ears_train_733.jpeg,278,113,307,167,ear
train/ears_train_734.jpeg,177,107,199,171,ear
train/ears_train_735.jpeg,125,98,152,141,ear
train/ears_train_736.jpeg,103,123,127,208,ear
train/ears_train_737.jpeg,326,124,349,184,ear
train/ears_train_738.jpeg,158,90,175,118,ear
train/ears_train_739.jpeg,312,100,349,151,ear
train/ears_train_740.jpeg,327,136,350,192,ear
train/ears_train_741.jpeg,97,107,114,144,ear
train/ears_train_741.jpeg,337,96,370,147,ear
train/ears_train_742.jpeg,104,55,135,130,ear
train/ears_train_743.jpeg,285,102,331,199,ear
train/ears_train_744.jpeg,87,112,102,148,ear
train/ears_train_745.jpeg,308,125,331,176,ear
train/ears_train_746.jpeg,51,75,114,211,ear
train/ears_train_747.jpeg,307,84,370,140,ear
train/ears_train_748.jpeg,137,109,169,170,ear
train/ears_train_749.jpeg,62,101,114,220,ear
train/ears_train_750.jpeg,295,127,313,189,ear
train/ears_train_750.jpeg,123,123,151,186,ear
